Metagenome	Bin Name	Marker Lineage	# Genomes	# Markers	# Marker Sets	0	1	2	3	4	5+	Completeness	Contamination	Domain	Phylum	Class	Order	Family	Genus	Species	FastANI Reference	FastANI Reference Radius	FastANI Taxonomy	FastANI ANI	FastANI Alignment Fraction	Closest Placement Reference	Closest Placement Taxonomy	Closest Placement ANI	Closest Placement Alignment Fraction	Classification Method	Note	Other Related References	MSA AA Percent	RED Value	Warnings
C1	bin.001	f__Enterobacteriaceae	55	546	224	34	512	0	0	0	0	98.21	0	Bacteria	Proteobacteria	Gammaproteobacteria	Enterobacterales	Enterobacteriaceae	Rahnella	Rahnella chamberiensis_A	GCF_009295505.1	95	d__Bacteria;p__Proteobacteria;c__Gammaproteobacteria;o__Enterobacterales;f__Enterobacteriaceae;g__Rahnella;s__Rahnella chamberiensis_A	99.2	0.95	GCF_009295505.1	d__Bacteria;p__Proteobacteria;c__Gammaproteobacteria;o__Enterobacterales;f__Enterobacteriaceae;g__Rahnella;s__Rahnella chamberiensis_A	99.2	0.95	taxonomic classification defined by topology and ANI	topological placement and ANI have congruent species assignments	GCF_002951615.1, s__Rahnella sp0029516...	84.14	-	-
C1	bin.005	p__Firmicutes	100	295	158	50	236	9	0	0	0	81.83	4.59	Bacteria	Firmicutes_C	Negativicutes	Sporomusales	Acetonemaceae			-	-	-	-	-	-	-	-	-	taxonomic novelty determined using RED	-	-	79.53	0.7400533585	-
C1	bin.006	k__Bacteria	88	230	148	47	175	7	1	0	0	81.3	4.76	Bacteria	Verrucomicrobiota	Verrucomicrobiae	Pedosphaerales	UBA11358	UBA11358		-	-	-	-	-	GCA_003133815.1	d__Bacteria;p__Verrucomicrobiota;c__Verrucomicrobiae;o__Pedosphaerales;f__UBA11358;g__UBA11358;s__UBA11358 sp003133815	82.89	0.57	taxonomic classification defined by topology and ANI	-	GCA_003139955.1, s__UBA11358 sp0031399...	65.59	0.9568328465	-
C1	bin.007	k__Bacteria	5449	104	58	21	83	0	0	0	0	73.64	0	Bacteria	Patescibacteria	Paceibacteria	UBA6257	2-01-FULL-56-20	CAJAQL01		-	-	-	-	-	-	-	-	-	taxonomic novelty determined using RED	-	-	66.57	0.8834816089	-
C1	bin.008	g__Clostridium	44	404	145	2	390	10	2	0	0	98.62	5.48	Bacteria	Firmicutes_A	Clostridia	Clostridiales	Clostridiaceae			-	-	-	-	-	-	-	-	-	taxonomic classification fully defined by topology	-	-	93.21	0.8171843735	-
C1	bin.010	k__Bacteria	2258	187	116	11	173	3	0	0	0	94.85	2.16	Bacteria	Acidobacteriota	Acidobacteriae	Acidobacteriales	Acidobacteriaceae	Terracidiphilus		-	-	-	-	-	-	-	-	-	ANI	-	GCA_003170825.1, s__Terracidiphilus sp...	89.5	0.9249754435	-
C1	bin.012	o__Pseudomonadales	185	813	308	30	754	29	0	0	0	97.36	1.29	Bacteria	Proteobacteria	Gammaproteobacteria	Pseudomonadales	Pseudomonadaceae	Pseudomonas_E	Pseudomonas_E sp002814235	GCF_002814235.1	95	d__Bacteria;p__Proteobacteria;c__Gammaproteobacteria;o__Pseudomonadales;f__Pseudomonadaceae;g__Pseudomonas_E;s__Pseudomonas_E sp002814235	97.54	0.91	GCF_002814235.1	d__Bacteria;p__Proteobacteria;c__Gammaproteobacteria;o__Pseudomonadales;f__Pseudomonadaceae;g__Pseudomonas_E;s__Pseudomonas_E sp002814235	97.54	0.91	taxonomic classification defined by topology and ANI	topological placement and ANI have congruent species assignments	GCF_013385425.1, s__Pseudomonas_E ging...	82.71	-	-
C1	bin.016	k__Bacteria	5449	104	58	50	54	0	0	0	0	78.79	0	Bacteria	Proteobacteria	Gammaproteobacteria	Enterobacterales	Enterobacteriaceae	BGMRC-2031		-	-	-	-	-	GCF_005217455.1	d__Bacteria;p__Proteobacteria;c__Gammaproteobacteria;o__Enterobacterales;f__Enterobacteriaceae;g__BGMRC-2031;s__BGMRC-2031 sp005217455	79.24	0.38	taxonomic classification defined by topology and ANI	-	GCF_004346745.1, s__BGMRC-2031 sp00434...	68.95	0.957664984	-
C1	bin.017	f__Bacillaceae	128	555	180	5	529	20	1	0	0	98.25	4.84	Bacteria	Firmicutes	Bacilli	Bacillales_B	DSM-18226	Neobacillus		-	-	-	-	-	-	-	-	-	taxonomic classification fully defined by topology	-	-	94.28	0.8428571747	-
C2	bin.001	k__Bacteria	5449	104	58	36	59	9	0	0	0	56.32	5.38	Bacteria	Patescibacteria	Paceibacteria	UBA6257	2-01-FULL-56-20			-	-	-	-	-	-	-	-	-	taxonomic classification fully defined by topology	-	-	46.67	0.8397443697	-
C2	bin.009	k__Bacteria	5449	104	58	66	37	1	0	0	0	54.81	1.72	Bacteria	Proteobacteria	Alphaproteobacteria	Rhodospirillales	Magnetospirillaceae			-	-	-	-	-	-	-	-	-	taxonomic novelty determined using RED	-	-	53.96	0.8379875088	-
C2	bin.013	c__Alphaproteobacteria	564	349	230	156	182	11	0	0	0	56.77	3.91	Bacteria	Proteobacteria	Alphaproteobacteria	Micavibrionales_A	UBA9219	JABDFY01		-	-	-	-	-	GCA_903875345.1	d__Bacteria;p__Proteobacteria;c__Alphaproteobacteria;o__Micavibrionales_A;f__UBA9219;g__JABDFY01;s__JABDFY01 sp903875345	76.77	0.21	taxonomic classification defined by topology and ANI	-	-	49.49	0.8883167969	-
C2	bin.022	k__Bacteria	2258	185	115	29	152	4	0	0	0	91.84	2.61	Bacteria	Acidobacteriota	Acidobacteriae	Bryobacterales	Bryobacteraceae	Palsa-89		-	-	-	-	-	-	-	-	-	ANI	-	GCA_003166865.1, s__Palsa-89 sp0031668...	83.03	0.9194501698	-
C2	bin.030	p__Firmicutes	100	295	158	25	259	10	1	0	0	93.54	6.35	Bacteria	Firmicutes_C	Negativicutes	Sporomusales	UPPP01			-	-	-	-	-	-	-	-	-	taxonomic novelty determined using RED	-	-	82.11	0.759987335	-
C2	bin.033	k__Bacteria	924	151	101	43	107	1	0	0	0	62.18	0.99	Bacteria	Patescibacteria	Paceibacteria	UBA6257	2-01-FULL-56-20	CAJAQL01		-	-	-	-	-	-	-	-	-	taxonomic novelty determined using RED	-	-	66.21	0.8829949251	-
C2	bin.034	o__Pseudomonadales	185	813	308	115	678	20	0	0	0	81.25	2.95	Bacteria	Proteobacteria	Gammaproteobacteria	Pseudomonadales	Pseudomonadaceae	Pseudomonas_E		-	-	-	-	-	-	-	-	-	taxonomic classification defined by topology and ANI	-	GCF_000497835.1, s__Pseudomonas_E sp00...	87.29	0.9890037538	Genome not assigned to closest species as it falls outside its pre-defined ANI radius
C2	bin.036	k__Bacteria	2258	187	116	76	107	4	0	0	0	61.08	1.44	Bacteria	Acidobacteriota	Acidobacteriae	Acidobacteriales	Acidobacteriaceae			-	-	-	-	-	-	-	-	-	taxonomic classification fully defined by topology	-	-	55.61	0.8265779611	-
C2	bin.044	k__Bacteria	5449	104	58	53	47	3	0	1	0	70.69	9.48	Bacteria	Acidobacteriota	Acidobacteriae	Acidobacteriales	Acidobacteriaceae	Palsa-343		-	-	-	-	-	-	-	-	-	ANI	-	GCA_003166955.1, s__Palsa-343 sp003166...	55.91	0.9380925426	-
C2	bin.045	k__Bacteria	2258	187	116	90	94	3	0	0	0	57.16	2.59	Bacteria	Acidobacteriota	Acidobacteriae	Acidobacteriales	Acidobacteriaceae	CAIVDV01		-	-	-	-	-	-	-	-	-	taxonomic classification fully defined by topology	-	-	39.59	0.9337643749	-
C2	bin.046	k__Bacteria	88	230	148	20	204	6	0	0	0	89.86	2.03	Bacteria	Verrucomicrobiota	Verrucomicrobiae	Pedosphaerales	UBA11358	UBA11358		-	-	-	-	-	GCA_003133815.1	d__Bacteria;p__Verrucomicrobiota;c__Verrucomicrobiae;o__Pedosphaerales;f__UBA11358;g__UBA11358;s__UBA11358 sp003133815	83.38	0.52	taxonomic classification defined by topology and ANI	-	GCA_003139955.1, s__UBA11358 sp0031399...	83.88	0.958036485	-
C2	bin.050	k__Bacteria	2993	147	91	48	99	0	0	0	0	90.79	0	Bacteria	Proteobacteria	Gammaproteobacteria	Enterobacterales	Enterobacteriaceae	BGMRC-2031		-	-	-	-	-	GCF_004346745.1	d__Bacteria;p__Proteobacteria;c__Gammaproteobacteria;o__Enterobacterales;f__Enterobacteriaceae;g__BGMRC-2031;s__BGMRC-2031 sp004346745	81.03	0.57	taxonomic classification defined by topology and ANI	-	GCF_010131535.1, s__BGMRC-2031 sp01013...	76.69	0.9638493306	-
C2	bin.051	f__Bacillaceae	128	555	180	5	529	20	1	0	0	98.25	4.84	Bacteria	Firmicutes	Bacilli	Bacillales_B	DSM-18226	Neobacillus		-	-	-	-	-	-	-	-	-	taxonomic classification fully defined by topology	-	-	94.28	0.8428571747	-
C2	bin.052	k__Bacteria	2258	187	116	4	180	3	0	0	0	98.44	2.16	Bacteria	Acidobacteriota	Acidobacteriae	Acidobacteriales	Acidobacteriaceae	Terracidiphilus		-	-	-	-	-	-	-	-	-	ANI	-	GCA_003170825.1, s__Terracidiphilus sp...	92.38	0.9248549113	-
C2	bin.053	k__Bacteria	924	151	101	41	108	2	0	0	0	63.66	1.1	Bacteria	Patescibacteria	Paceibacteria	UBA6257	2-01-FULL-56-20	CAJAQL01		-	-	-	-	-	-	-	-	-	taxonomic novelty determined using RED	-	-	67.78	0.8770926576	-
C2	bin.055	k__Bacteria	901	171	117	58	113	0	0	0	0	57.66	0	Bacteria	Patescibacteria	Paceibacteria	UBA6257	2-01-FULL-56-20	CAJAQL01		-	-	-	-	-	-	-	-	-	taxonomic novelty determined using RED	-	-	65.14	0.876979317	-
C2	bin.056	k__Bacteria	901	171	117	50	119	2	0	0	0	61.51	0.57	Bacteria	Patescibacteria	Paceibacteria	UBA6257	2-01-FULL-56-20	CAJAQL01		-	-	-	-	-	-	-	-	-	taxonomic novelty determined using RED	-	-	68.69	0.8839351213	-
C2	bin.060	k__Bacteria	5449	101	57	43	57	1	0	0	0	81.18	1.75	Bacteria	Verrucomicrobiota	Verrucomicrobiae	Opitutales	Opitutaceae			-	-	-	-	-	-	-	-	-	taxonomic classification fully defined by topology	-	-	61.76	0.8769841093	-
C2	bin.061	k__Bacteria	5449	104	58	13	91	0	0	0	0	80.46	0	Bacteria	Patescibacteria	Paceibacteria	UBA9983_A	UBA6065			-	-	-	-	-	-	-	-	-	taxonomic novelty determined using RED	-	-	63.27	0.8278299985	-
C2	bin.064	k__Bacteria	2993	143	89	61	81	1	0	0	0	66.86	1.12	Bacteria	Elusimicrobiota	Elusimicrobia	UBA1565	UBA9628	GWA2-66-18		-	-	-	-	-	GCA_013044195.1	d__Bacteria;p__Elusimicrobiota;c__Elusimicrobia;o__UBA1565;f__UBA9628;g__GWA2-66-18;s__GWA2-66-18 sp013044195	80.89	0.56	taxonomic classification defined by topology and ANI	-	GCA_903874575.1, s__GWA2-66-18 sp90387...	56.9	0.9631194135	-
C2	bin.067	k__Bacteria	88	230	148	45	183	2	0	0	0	89.24	0.47	Bacteria	Verrucomicrobiota	Verrucomicrobiae	Pedosphaerales	UBA11358	UBA11358		-	-	-	-	-	GCA_003133815.1	d__Bacteria;p__Verrucomicrobiota;c__Verrucomicrobiae;o__Pedosphaerales;f__UBA11358;g__UBA11358;s__UBA11358 sp003133815	81.72	0.54	taxonomic classification defined by topology and ANI	-	GCA_003139955.1, s__UBA11358 sp0031399...	70.52	0.9508139442	-
C2	bin.069	k__Bacteria	924	161	108	31	129	1	0	0	0	73.61	0.93	Bacteria	Patescibacteria	Saccharimonadia	Saccharimonadales	UBA4665	UBA5150		-	-	-	-	-	GCA_003133385.1	d__Bacteria;p__Patescibacteria;c__Saccharimonadia;o__Saccharimonadales;f__UBA4665;g__UBA5150;s__UBA5150 sp003133385	78.08	0.31	taxonomic classification defined by topology and ANI	-	-	74.67	0.9625811398	-
C2	bin.071	k__Bacteria	5449	104	58	47	57	0	0	0	0	81.54	0	Bacteria	Chlamydiota	Chlamydiia	Chlamydiales	Rhabdochlamydiaceae	PALSA-1444		-	-	-	-	-	GCA_013286675.1	d__Bacteria;p__Chlamydiota;c__Chlamydiia;o__Chlamydiales;f__Rhabdochlamydiaceae;g__PALSA-1444;s__PALSA-1444 sp013286675	85.41	0.67	taxonomic classification defined by topology and ANI	-	GCA_003153295.1, s__PALSA-1444 sp00315...	61.96	0.9818948847	Genome not assigned to closest species as it falls outside its pre-defined ANI radius
C2	bin.073	k__Bacteria	2993	143	89	25	118	0	0	0	0	74.53	0	Bacteria	Patescibacteria	Paceibacteria	UBA6257	2-01-FULL-56-20			-	-	-	-	-	-	-	-	-	taxonomic classification fully defined by topology	-	-	67.64	0.8429384672	-
C2	bin.074	k__Bacteria	2258	187	116	90	92	5	0	0	0	65.28	2.93	Bacteria	Acidobacteriota	Acidobacteriae	Acidobacteriales	Acidobacteriaceae	Terracidiphilus		-	-	-	-	-	-	-	-	-	ANI	-	GCA_003170825.1, s__Terracidiphilus sp...	47.05	0.9212831539	-
C2	bin.075	o__Rhizobiales	107	485	316	34	436	15	0	0	0	92.63	3.82	Bacteria	Proteobacteria	Alphaproteobacteria	Rhizobiales	Xanthobacteraceae	BOG-931		-	-	-	-	-	GCA_003164375.1	d__Bacteria;p__Proteobacteria;c__Alphaproteobacteria;o__Rhizobiales;f__Xanthobacteraceae;g__BOG-931;s__BOG-931 sp003164375	77.5	0.25	taxonomic classification defined by topology and ANI	-	-	85.31	0.9490748625	-
C2	bin.077	k__Bacteria	2258	187	116	33	152	2	0	0	0	85.39	0.91	Bacteria	Acidobacteriota	Acidobacteriae	Acidobacteriales	Acidobacteriaceae	Silvibacterium		-	-	-	-	-	GCF_001006305.1	d__Bacteria;p__Acidobacteriota;c__Acidobacteriae;o__Acidobacteriales;f__Acidobacteriaceae;g__Silvibacterium;s__Silvibacterium bohemicum	79.21	0.39	taxonomic classification defined by topology and ANI	-	GCF_004123295.1, s__Silvibacterium din...	75.16	0.961717367	-
C2	bin.086	k__Archaea	207	149	107	26	121	2	0	0	0	78.97	1.87	Archaea	Micrarchaeota	Micrarchaeia	Micrarchaeales	Micrarchaeaceae	UBA12276		-	-	-	-	-	-	-	-	-	taxonomic novelty determined using RED	-	-	68.15	0.8406976504	-
C2	bin.088	k__Bacteria	901	171	117	50	121	0	0	0	0	62.79	0	Bacteria	Patescibacteria	Paceibacteria	UBA9983_A	UBA2163	UBA10103		-	-	-	-	-	-	-	-	-	taxonomic classification fully defined by topology	-	-	69.57	0.9212676146	-
C2	bin.091	c__Gammaproteobacteria	67	481	276	110	334	35	2	0	0	86.64	9.25	Bacteria	Proteobacteria	Gammaproteobacteria	Steroidobacterales	Steroidobacteraceae	Bog-1198		-	-	-	-	-	-	-	-	-	ANI	-	GCA_003134045.1, s__Bog-1198 sp0031340...	63.47	0.9597979232	-
C2	bin.094	k__Bacteria	2921	152	93	81	70	1	0	0	0	56.93	0.36	Bacteria	Proteobacteria	Alphaproteobacteria	Rickettsiales	SXRF01	JABCZZ01		-	-	-	-	-	-	-	-	-	taxonomic classification fully defined by topology	-	-	45.3	0.9109305634	-
C2	bin.095	k__Bacteria	5449	104	58	53	51	0	0	0	0	76.21	0	Bacteria	Proteobacteria	Gammaproteobacteria	Xanthomonadales	Rhodanobacteraceae	Dyella		-	-	-	-	-	GCF_003977615.1	d__Bacteria;p__Proteobacteria;c__Gammaproteobacteria;o__Xanthomonadales;f__Rhodanobacteraceae;g__Dyella;s__Dyella sp003977615	87.81	0.75	taxonomic classification defined by topology and ANI	-	GCA_903970555.1, s__Dyella sp903970555...	65.32	0.996909872	Genome not assigned to closest species as it falls outside its pre-defined ANI radius
C2	bin.096	o__Rhizobiales	107	485	316	183	286	14	2	0	0	64.53	2.82	Bacteria	Proteobacteria	Alphaproteobacteria	Rhizobiales	Xanthobacteraceae	BOG-931		-	-	-	-	-	GCA_003164375.1	d__Bacteria;p__Proteobacteria;c__Alphaproteobacteria;o__Rhizobiales;f__Xanthobacteraceae;g__BOG-931;s__BOG-931 sp003164375	80.07	0.54	taxonomic classification defined by topology and ANI	-	-	44.87	0.9617177955	-
C2	bin.100	k__Bacteria	5449	104	58	64	39	1	0	0	0	61.21	1.72	Bacteria	Proteobacteria	Gammaproteobacteria	Burkholderiales	Burkholderiaceae	PKWO01		-	-	-	-	-	-	-	-	-	taxonomic novelty determined using RED	-	-	47.19	0.9588927891	-
C2	bin.101	k__Bacteria	2258	181	111	18	160	3	0	0	0	97.4	2.03	Bacteria	Bdellovibrionota	Bdellovibrionia	Bdellovibrionales	Bdellovibrionaceae			-	-	-	-	-	-	-	-	-	taxonomic novelty determined using RED	-	-	85.17	0.8772417711	-
C2	bin.103	k__Bacteria	924	151	101	64	87	0	0	0	0	55.58	0	Bacteria	Patescibacteria	Paceibacteria	UBA6257	2-01-FULL-56-20	CAJAQL01		-	-	-	-	-	-	-	-	-	taxonomic novelty determined using RED	-	-	57.47	0.8829886464	-
C2	bin.104	k__Bacteria	2258	187	116	36	145	5	1	0	0	85.65	4.89	Bacteria	Acidobacteriota	Acidobacteriae	Acidobacteriales	Acidobacteriaceae	Terracidiphilus		-	-	-	-	-	GCA_003140785.1	d__Bacteria;p__Acidobacteriota;c__Acidobacteriae;o__Acidobacteriales;f__Acidobacteriaceae;g__Terracidiphilus;s__Terracidiphilus sp003140785	78.01	0.31	taxonomic classification defined by topology and ANI	-	GCA_002314435.1, s__Terracidiphilus sp...	76.41	0.9539151783	-
C2	bin.106	k__Bacteria	5449	104	58	36	61	7	0	0	0	68.97	3.37	Bacteria	Patescibacteria	Paceibacteria	UBA6257	2-01-FULL-56-20	CAJAQL01		-	-	-	-	-	-	-	-	-	taxonomic novelty determined using RED	-	-	55.49	0.8747078848	-
C2	bin.108	o__Rhodospirillales	63	336	201	50	284	2	0	0	0	95.08	1	Bacteria	Proteobacteria	Alphaproteobacteria	Rhodospirillales	Magnetospirillaceae			-	-	-	-	-	-	-	-	-	taxonomic novelty determined using RED	-	-	79.59	0.8359290156	-
C2	bin.109	k__Bacteria	2993	147	91	40	99	8	0	0	0	85.88	6.23	Bacteria	Gemmatimonadota	Gemmatimonadetes	Gemmatimonadales	Gemmatimonadaceae	Fen-1231		-	-	-	-	-	GCA_903910555.1	d__Bacteria;p__Gemmatimonadota;c__Gemmatimonadetes;o__Gemmatimonadales;f__Gemmatimonadaceae;g__Fen-1231;s__Fen-1231 sp903910555	80.98	0.62	taxonomic classification defined by topology and ANI	-	GCA_003171215.1, s__Fen-1231 sp0031712...	69.49	0.9773745961	-
C2	bin.112	f__Enterobacteriaceae	223	876	305	318	558	0	0	0	0	60.25	0	Bacteria	Proteobacteria	Gammaproteobacteria	Enterobacterales	Enterobacteriaceae	Rahnella	Rahnella chamberiensis_A	GCF_009295505.1	95	d__Bacteria;p__Proteobacteria;c__Gammaproteobacteria;o__Enterobacterales;f__Enterobacteriaceae;g__Rahnella;s__Rahnella chamberiensis_A	99.23	0.95	GCF_009295505.1	d__Bacteria;p__Proteobacteria;c__Gammaproteobacteria;o__Enterobacterales;f__Enterobacteriaceae;g__Rahnella;s__Rahnella chamberiensis_A	99.23	0.95	taxonomic classification defined by topology and ANI	topological placement and ANI have congruent species assignments	GCF_002951615.1, s__Rahnella sp0029516...	58.82	-	-
C2	bin.116	o__Sphingomonadales	26	569	293	250	306	13	0	0	0	58.25	2.5	Bacteria	Proteobacteria	Alphaproteobacteria	Sphingomonadales	Sphingomonadaceae	Novosphingobium		-	-	-	-	-	GCF_001598555.1	d__Bacteria;p__Proteobacteria;c__Alphaproteobacteria;o__Sphingomonadales;f__Sphingomonadaceae;g__Novosphingobium;s__Novosphingobium rosa	89.29	0.69	taxonomic classification defined by topology and ANI	-	GCF_003208375.1, s__Novosphingobium sp...	39.01	0.9979375389	Genome not assigned to closest species as it falls outside its pre-defined ANI radius
C2	bin.122	k__Bacteria	924	151	101	42	100	6	3	0	0	62.87	1.71	Bacteria	Patescibacteria	Microgenomatia	Levybacterales	UBA12049	JACDET01		-	-	-	-	-	-	-	-	-	taxonomic novelty determined using RED	-	-	61.72	0.8771753325	-
C2	bin.123	k__Bacteria	88	227	146	3	224	0	0	0	0	97.95	0	Bacteria	Verrucomicrobiota	Verrucomicrobiae	Opitutales	Opitutaceae	CAITEC01		-	-	-	-	-	GCA_903891325.1	d__Bacteria;p__Verrucomicrobiota;c__Verrucomicrobiae;o__Opitutales;f__Opitutaceae;g__CAITEC01;s__CAITEC01 sp903891325	77.09	0.2	taxonomic classification defined by topology and ANI	-	-	89	0.9470221511	-
C2	bin.124	k__Bacteria	2258	188	117	52	134	2	0	0	0	91.87	1.71	Bacteria	Acidobacteriota	Acidobacteriae	Acidobacteriales	Acidobacteriaceae	Palsa-343		-	-	-	-	-	-	-	-	-	ANI	-	GCA_003166955.1, s__Palsa-343 sp003166...	69.31	0.9399407034	-
C2	bin.128	k__Archaea	207	149	107	25	123	1	0	0	0	81	0.93	Archaea	Micrarchaeota	Micrarchaeia	Micrarchaeales	Micrarchaeaceae	UBA12276		-	-	-	-	-	-	-	-	-	taxonomic novelty determined using RED	-	-	69.61	0.8287011349	-
C2	bin.137	k__Bacteria	5449	104	58	54	50	0	0	0	0	74.29	0	Bacteria	Bacteroidota	Bacteroidia	Sphingobacteriales	Sphingobacteriaceae	Mucilaginibacter		-	-	-	-	-	-	-	-	-	taxonomic classification defined by topology and ANI	-	GCF_014200495.1, s__Mucilaginibacter s...	63.45	0.9848617327	Genome not assigned to closest species as it falls outside its pre-defined ANI radius
C2	bin.139	k__Bacteria	2258	188	117	21	164	3	0	0	0	95.01	1.71	Bacteria	Acidobacteriota	Acidobacteriae	Acidobacteriales	Koribacteraceae	JABCZH01		-	-	-	-	-	GCA_013289795.1	d__Bacteria;p__Acidobacteriota;c__Acidobacteriae;o__Acidobacteriales;f__Koribacteraceae;g__JABCZH01;s__JABCZH01 sp013289795	83.1	0.66	taxonomic classification defined by topology and ANI	-	-	86.26	0.981376738	Genome not assigned to closest species as it falls outside its pre-defined ANI radius
C2	bin.140	g__Clostridium	44	404	145	2	388	12	2	0	0	98.62	5.78	Bacteria	Firmicutes_A	Clostridia	Clostridiales	Clostridiaceae			-	-	-	-	-	-	-	-	-	taxonomic classification fully defined by topology	-	-	93.51	0.8172518237	-
B1	bin.002	k__Bacteria	5449	104	58	24	79	1	0	0	0	67.22	1.72	Bacteria	Patescibacteria	Paceibacteria	UBA9983_A	UBA6065			-	-	-	-	-	-	-	-	-	taxonomic novelty determined using RED	-	-	54.08	0.8288364817	-
B1	bin.006	k__Bacteria	924	151	101	63	80	8	0	0	0	51.91	6.93	Bacteria	Patescibacteria	Paceibacteria	UBA6257	2-01-FULL-56-20	CAJAQL01		-	-	-	-	-	-	-	-	-	taxonomic novelty determined using RED	-	-	44.69	0.8774720632	-
B1	bin.007	k__Bacteria	924	151	101	47	102	2	0	0	0	58.22	1.32	Bacteria	Patescibacteria	Paceibacteria	UBA6257	2-01-FULL-56-20	CAJAQL01		-	-	-	-	-	-	-	-	-	taxonomic novelty determined using RED	-	-	62.8	0.878127231	-
B1	bin.018	k__Bacteria	2258	187	116	16	169	2	0	0	0	95.85	1.29	Bacteria	Acidobacteriota	Acidobacteriae	Acidobacteriales	Acidobacteriaceae	Terracidiphilus		-	-	-	-	-	-	-	-	-	ANI	-	GCA_003170825.1, s__Terracidiphilus sp...	91.5	0.924730602	-
B1	bin.020	k__Bacteria	88	227	146	111	112	4	0	0	0	51.95	2.28	Bacteria	Verrucomicrobiota	Verrucomicrobiae	Opitutales	Opitutaceae			-	-	-	-	-	-	-	-	-	taxonomic classification fully defined by topology	-	-	41.04	0.8766950545	-
B2	bin.006	p__Bacteroidetes	350	316	210	166	145	5	0	0	0	52.53	2.38	Bacteria	Bacteroidota	Bacteroidia	AKYH767	Palsa-948	JABEUT01		-	-	-	-	-	GCA_013288205.1	d__Bacteria;p__Bacteroidota;c__Bacteroidia;o__AKYH767;f__Palsa-948;g__JABEUT01;s__JABEUT01 sp013288205	82.99	0.59	taxonomic classification defined by topology and ANI	-	GCA_903916255.1, s__JABEUT01 sp9039162...	33.02	0.9743941961	-
B2	bin.012	o__Burkholderiales	107	574	251	88	468	18	0	0	0	91.78	3.24	Bacteria	Proteobacteria	Gammaproteobacteria	Burkholderiales	Burkholderiaceae	Collimonas		-	-	-	-	-	GCF_001584185.1	d__Bacteria;p__Proteobacteria;c__Gammaproteobacteria;o__Burkholderiales;f__Burkholderiaceae;g__Collimonas;s__Collimonas pratensis	93.55	0.88	taxonomic classification defined by topology and ANI	-	GCF_002564105.1, s__Collimonas sp00256...	67.06	0.9980756065	Genome not assigned to closest species as it falls outside its pre-defined ANI radius
B2	bin.013	k__Bacteria	5449	104	58	13	91	0	0	0	0	80.46	0	Bacteria	Patescibacteria	Paceibacteria	UBA9983_A	UBA6065			-	-	-	-	-	-	-	-	-	taxonomic novelty determined using RED	-	-	62.52	0.8282038453	-
B2	bin.014	k__Bacteria	88	227	146	33	192	2	0	0	0	84.93	1.37	Bacteria	Verrucomicrobiota	Verrucomicrobiae	Opitutales	Opitutaceae	CAITEC01		-	-	-	-	-	GCA_903891325.1	d__Bacteria;p__Verrucomicrobiota;c__Verrucomicrobiae;o__Opitutales;f__Opitutaceae;g__CAITEC01;s__CAITEC01 sp903891325	76.87	0.21	taxonomic classification defined by topology and ANI	-	-	73.48	0.947813147	-
B2	bin.015	k__Bacteria	2258	185	115	23	147	15	0	0	0	83.83	5.48	Bacteria	Acidobacteriota	Acidobacteriae	Bryobacterales	Bryobacteraceae	Palsa-89		-	-	-	-	-	-	-	-	-	ANI	-	GCA_003166865.1, s__Palsa-89 sp0031668...	81	0.9150536767	-
B2	bin.020	k__Bacteria	2258	187	116	4	180	3	0	0	0	98.44	2.16	Bacteria	Acidobacteriota	Acidobacteriae	Acidobacteriales	Acidobacteriaceae	Terracidiphilus		-	-	-	-	-	-	-	-	-	ANI	-	GCA_003170825.1, s__Terracidiphilus sp...	93.15	0.9246063052	-
B2	bin.021	k__Bacteria	924	151	101	50	95	6	0	0	0	64.81	4.46	Bacteria	Patescibacteria	Saccharimonadia	Saccharimonadales	UBA4665	PMNU01		-	-	-	-	-	-	-	-	-	taxonomic novelty determined using RED	-	-	61.92	0.8791344963	-
B2	bin.023	o__Rhodospirillales	63	336	201	175	149	12	0	0	0	50.89	3.68	Bacteria	Proteobacteria	Alphaproteobacteria	Acetobacterales	Acetobacteraceae			-	-	-	-	-	-	-	-	-	taxonomic novelty determined using RED	-	-	42.35	0.8965117348	-
B2	bin.027	k__Bacteria	88	230	148	107	122	1	0	0	0	57.71	0.03	Bacteria	Chlamydiota	Chlamydiia	Chlamydiales	Rhabdochlamydiaceae	JABDFI01		-	-	-	-	-	-	-	-	-	taxonomic novelty determined using RED	-	-	46.02	0.8568054567	-
B2	bin.029	k__Bacteria	924	161	108	56	102	3	0	0	0	62.29	2.16	Bacteria	Patescibacteria	Saccharimonadia	Saccharimonadales	UBA4665	UBA5150		-	-	-	-	-	GCA_003133385.1	d__Bacteria;p__Patescibacteria;c__Saccharimonadia;o__Saccharimonadales;f__UBA4665;g__UBA5150;s__UBA5150 sp003133385	78.12	0.25	taxonomic classification defined by topology and ANI	-	-	55.73	0.9647332491	-
B2	bin.030	p__Bacteroidetes	364	303	203	30	265	8	0	0	0	92.41	2.59	Bacteria	Bacteroidota	Bacteroidia	Chitinophagales	Chitinophagaceae	Sediminibacterium		-	-	-	-	-	GCA_013289065.1	d__Bacteria;p__Bacteroidota;c__Bacteroidia;o__Chitinophagales;f__Chitinophagaceae;g__Sediminibacterium;s__Sediminibacterium sp013289065	88.5	0.65	taxonomic classification defined by topology and ANI	-	GCF_009939005.1, s__Sediminibacterium ...	79.31	0.989994833	Genome not assigned to closest species as it falls outside its pre-defined ANI radius
B2	bin.035	k__Bacteria	5449	103	57	13	73	17	0	0	0	80.54	7.02	Bacteria	Dependentiae	Babeliae	Babeliales				-	-	-	-	-	-	-	-	-	taxonomic classification fully defined by topology	-	-	56.84	0.7228009514	-
B2	bin.043	k__Bacteria	5449	104	58	57	46	1	0	0	0	64.62	0.86	Bacteria	Acidobacteriota	Acidobacteriae	Acidobacteriales	Acidobacteriaceae			-	-	-	-	-	-	-	-	-	taxonomic classification fully defined by topology	-	-	50.86	0.8550762954	-
B2	bin.044	k__Bacteria	901	171	117	55	115	1	0	0	0	58.52	0.85	Bacteria	Patescibacteria	Paceibacteria	UBA6257	2-01-FULL-56-20	CAJAQL01		-	-	-	-	-	-	-	-	-	taxonomic novelty determined using RED	-	-	69.23	0.8792477874	-
B2	bin.049	c__Alphaproteobacteria	564	349	230	119	215	15	0	0	0	70.82	3.33	Bacteria	Proteobacteria	Alphaproteobacteria	Micropepsales	Micropepsaceae	Rhizomicrobium		-	-	-	-	-	GCA_003139615.1	d__Bacteria;p__Proteobacteria;c__Alphaproteobacteria;o__Micropepsales;f__Micropepsaceae;g__Rhizomicrobium;s__Rhizomicrobium sp003139615	77.77	0.28	taxonomic classification defined by topology and ANI	-	-	48.56	0.9207374084	-
B2	bin.051	k__Bacteria	88	230	148	76	142	11	1	0	0	72.03	6.78	Bacteria	Verrucomicrobiota	Verrucomicrobiae	Methylacidiphilales	UBA1321	JABDGH01		-	-	-	-	-	-	-	-	-	ANI	-	GCA_013285645.1, s__JABDGH01 sp0132856...	53.15	0.9334421123	-
B2	bin.054	k__Bacteria	2258	187	116	49	135	3	0	0	0	78.81	2.59	Bacteria	Acidobacteriota	Acidobacteriae	Acidobacteriales	Acidobacteriaceae	Terracidiphilus		-	-	-	-	-	-	-	-	-	ANI	-	GCA_003170825.1, s__Terracidiphilus sp...	72.19	0.9226282928	-
B2	bin.055	k__Bacteria	88	227	146	34	188	5	0	0	0	89.08	2.77	Bacteria	Verrucomicrobiota	Verrucomicrobiae	Opitutales	Opitutaceae	Palsa-1447		-	-	-	-	-	GCA_003140665.1	d__Bacteria;p__Verrucomicrobiota;c__Verrucomicrobiae;o__Opitutales;f__Opitutaceae;g__Palsa-1447;s__Palsa-1447 sp003140665	79.77	0.43	taxonomic classification defined by topology and ANI	-	GCA_003164715.1, s__Palsa-1447 sp00316...	69.15	0.9719257247	-
B2	bin.058	k__Bacteria	924	151	101	41	107	3	0	0	0	63.66	2.97	Bacteria	Patescibacteria	Paceibacteria	UBA6257	2-01-FULL-56-20	CAJAQL01		-	-	-	-	-	-	-	-	-	taxonomic novelty determined using RED	-	-	67.74	0.8775267189	-
B2	bin.059	k__Bacteria	901	171	117	82	89	0	0	0	0	52.58	0	Bacteria	Patescibacteria	Paceibacteria	UBA6257	2-01-FULL-56-20	CAJAQL01		-	-	-	-	-	-	-	-	-	taxonomic novelty determined using RED	-	-	55.61	0.8817334553	-
B2	bin.060	k__Bacteria	924	151	101	48	95	8	0	0	0	62.07	6.93	Bacteria	Patescibacteria	Doudnabacteria	UBA920	UBA920	PALSA-1336		-	-	-	-	-	-	-	-	-	taxonomic classification fully defined by topology	-	-	53.52	0.9133233159	-
B2	bin.067	k__Bacteria	901	171	117	42	129	0	0	0	0	68.21	0	Bacteria	Patescibacteria	Paceibacteria	UBA9983_A	UBA2163	UBA10103		-	-	-	-	-	-	-	-	-	taxonomic classification fully defined by topology	-	-	67.82	0.9106321677	-
B2	bin.068	k__Bacteria	88	230	148	61	168	1	0	0	0	86.57	0.23	Bacteria	Chlamydiota	Chlamydiia	Chlamydiales	Rhabdochlamydiaceae	PALSA-1444		-	-	-	-	-	GCA_013286675.1	d__Bacteria;p__Chlamydiota;c__Chlamydiia;o__Chlamydiales;f__Rhabdochlamydiaceae;g__PALSA-1444;s__PALSA-1444 sp013286675	85.47	0.67	taxonomic classification defined by topology and ANI	-	GCA_003153295.1, s__PALSA-1444 sp00315...	62.72	0.9835311532	Genome not assigned to closest species as it falls outside its pre-defined ANI radius
B2	bin.069	k__Bacteria	88	230	148	11	217	2	0	0	0	94.59	1.35	Bacteria	Verrucomicrobiota	Verrucomicrobiae	Pedosphaerales	UBA11358	UBA11358		-	-	-	-	-	GCA_003133815.1	d__Bacteria;p__Verrucomicrobiota;c__Verrucomicrobiae;o__Pedosphaerales;f__UBA11358;g__UBA11358;s__UBA11358 sp003133815	83.41	0.53	taxonomic classification defined by topology and ANI	-	GCA_003139955.1, s__UBA11358 sp0031399...	86.24	0.9562283362	-
B2	bin.072	k__Bacteria	924	151	101	43	107	1	0	0	0	62.18	0.99	Bacteria	Patescibacteria	Paceibacteria	UBA6257	2-01-FULL-56-20	CAJAQL01		-	-	-	-	-	-	-	-	-	taxonomic novelty determined using RED	-	-	66.81	0.8831561493	-
B2	bin.075	k__Bacteria	5449	104	58	38	66	0	0	0	0	67.84	0	Bacteria	Patescibacteria	Paceibacteria	UBA6257	2-01-FULL-56-20	CAJAQL01		-	-	-	-	-	-	-	-	-	taxonomic novelty determined using RED	-	-	58.27	0.8828519869	-
B2	bin.076	k__Bacteria	924	151	101	35	116	0	0	0	0	72.28	0	Bacteria	Patescibacteria	Microgenomatia	Levybacterales	UBA12049	JACDET01		-	-	-	-	-	-	-	-	-	taxonomic novelty determined using RED	-	-	64.05	0.8813387552	-
B2	bin.077	c__Gammaproteobacteria	67	481	276	99	360	21	1	0	0	86.66	3.64	Bacteria	Proteobacteria	Gammaproteobacteria	Steroidobacterales	Steroidobacteraceae			-	-	-	-	-	-	-	-	-	taxonomic classification fully defined by topology	-	-	68.43	0.8785694414	-
B2	bin.079	k__Bacteria	924	151	101	51	100	0	0	0	0	54.95	0	Bacteria	Patescibacteria	Microgenomatia	Levybacterales	UBA12049	JACDET01		-	-	-	-	-	-	-	-	-	taxonomic novelty determined using RED	-	-	62.62	0.8819252503	-
B2	bin.081	k__Bacteria	901	171	117	56	107	8	0	0	0	58.47	3.61	Bacteria	Patescibacteria	Saccharimonadia	Saccharimonadales	UBA4665	PMNU01		-	-	-	-	-	-	-	-	-	taxonomic novelty determined using RED	-	-	61.05	0.8720569405	-
B2	bin.082	k__Archaea	207	149	107	29	119	1	0	0	0	76.64	0.93	Archaea	Micrarchaeota	Micrarchaeia	Micrarchaeales	Micrarchaeaceae	UBA12276		-	-	-	-	-	-	-	-	-	taxonomic novelty determined using RED	-	-	65.65	0.8396037176	-
B2	bin.086	k__Bacteria	924	151	101	44	107	0	0	0	0	61.68	0	Bacteria	Patescibacteria	Paceibacteria	UBA6257	2-01-FULL-56-20	CAJAQL01		-	-	-	-	-	-	-	-	-	taxonomic novelty determined using RED	-	-	67.84	0.8749353797	-
B2	bin.087	k__Bacteria	5449	104	58	65	39	0	0	0	0	50.82	0	Bacteria	Chlamydiota	Chlamydiia	Chlamydiales	Rhabdochlamydiaceae	PALSA-1444		-	-	-	-	-	GCA_013286675.1	d__Bacteria;p__Chlamydiota;c__Chlamydiia;o__Chlamydiales;f__Rhabdochlamydiaceae;g__PALSA-1444;s__PALSA-1444 sp013286675	79.5	0.36	taxonomic classification defined by topology and ANI	-	GCA_003153295.1, s__PALSA-1444 sp00315...	44.87	0.9725926303	-
B2	bin.088	k__Bacteria	2993	143	89	32	111	0	0	0	0	73.36	0	Bacteria	Patescibacteria	Paceibacteria	UBA9983_A	UBA2163	1-14-0-10-45-20		-	-	-	-	-	-	-	-	-	taxonomic classification fully defined by topology	-	-	64.74	0.9108372172	-
B2	bin.092	k__Bacteria	2993	147	91	42	101	4	0	0	0	87.59	4.4	Bacteria	Gemmatimonadota	Gemmatimonadetes	Gemmatimonadales	Gemmatimonadaceae	Fen-1231		-	-	-	-	-	GCA_903910555.1	d__Bacteria;p__Gemmatimonadota;c__Gemmatimonadetes;o__Gemmatimonadales;f__Gemmatimonadaceae;g__Fen-1231;s__Fen-1231 sp903910555	80.99	0.64	taxonomic classification defined by topology and ANI	-	GCA_003171215.1, s__Fen-1231 sp0031712...	68.93	0.9783204094	-
B2	bin.097	k__Bacteria	5449	104	58	58	45	1	0	0	0	60.97	1.72	Bacteria	Verrucomicrobiota	Verrucomicrobiae	Pedosphaerales	UBA11358	UBA11358		-	-	-	-	-	GCA_003133815.1	d__Bacteria;p__Verrucomicrobiota;c__Verrucomicrobiae;o__Pedosphaerales;f__UBA11358;g__UBA11358;s__UBA11358 sp003133815	81.07	0.51	taxonomic classification defined by topology and ANI	-	GCA_003139955.1, s__UBA11358 sp0031399...	50.13	0.9487855512	-
B2	bin.103	k__Bacteria	88	230	148	62	164	4	0	0	0	73.5	2.03	Bacteria	Chlamydiota	Chlamydiia	Chlamydiales	SM23-39	CAIPFQ01		-	-	-	-	-	-	-	-	-	taxonomic classification fully defined by topology	-	-	57.53	0.9328072355	-
B2	bin.105	p__Proteobacteria	2231	190	119	37	138	15	0	0	0	85.1	4.76	Bacteria	Proteobacteria	Gammaproteobacteria	Steroidobacterales	Steroidobacteraceae	Bog-1198		-	-	-	-	-	-	-	-	-	ANI	-	GCA_003134045.1, s__Bog-1198 sp0031340...	68.51	0.9495286494	-
B2	bin.106	k__Bacteria	5449	104	58	16	88	0	0	0	0	78.42	0	Bacteria	Patescibacteria	Paceibacteria	UBA9983_A	UBA2163	GWA1-54-10		-	-	-	-	-	GCA_903824155.1	d__Bacteria;p__Patescibacteria;c__Paceibacteria;o__UBA9983_A;f__UBA2163;g__GWA1-54-10;s__GWA1-54-10 sp903824155	79.39	0.41	taxonomic classification defined by topology and ANI	-	-	64.44	0.9659178081	-
B2	bin.110	k__Bacteria	901	171	117	62	99	9	1	0	0	53.82	2.72	Bacteria	Patescibacteria	Paceibacteria	UBA6257	2-01-FULL-56-20			-	-	-	-	-	-	-	-	-	taxonomic novelty determined using RED	-	-	60.55	0.867933602	-
B2	bin.114	k__Bacteria	88	230	148	24	189	17	0	0	0	88.34	9.46	Bacteria	Chlamydiota	Chlamydiia	Chlamydiales	Rhabdochlamydiaceae	CAJCIW01		-	-	-	-	-	GCA_903970455.1	d__Bacteria;p__Chlamydiota;c__Chlamydiia;o__Chlamydiales;f__Rhabdochlamydiaceae;g__CAJCIW01;s__CAJCIW01 sp903970455	77.4	0.22	taxonomic classification defined by topology and ANI	-	-	76.97	0.9126603803	-
B2	bin.115	k__Bacteria	5449	104	58	26	78	0	0	0	0	73.72	0	Bacteria	Patescibacteria	Paceibacteria	UBA9983_A	PALSA-1337	PALSA-1337		-	-	-	-	-	-	-	-	-	taxonomic classification fully defined by topology	-	-	56.22	0.9206616136	-
B2	bin.122	c__Spirochaetia	72	215	125	106	99	10	0	0	0	56.02	4.8	Bacteria	Patescibacteria	Doudnabacteria	UBA920	UBA920	PALSA-1336		-	-	-	-	-	-	-	-	-	ANI	-	GCA_003151625.1, s__PALSA-1336 sp00315...	42.78	0.8849407423	-
B2	bin.128	k__Bacteria	924	151	101	34	117	0	0	0	0	70.79	0	Bacteria	Patescibacteria	Doudnabacteria	UBA920	VMFF01			-	-	-	-	-	-	-	-	-	taxonomic novelty determined using RED	-	-	76	0.7803732484	-
B2	bin.131	k__Bacteria	5449	104	58	51	53	0	0	0	0	76.72	0	Bacteria	Patescibacteria	Saccharimonadia	Saccharimonadales	UBA4665	GCA-2746885		-	-	-	-	-	-	-	-	-	taxonomic novelty determined using RED	-	-	56.07	0.8757137346	-
B2	bin.139	o__Rickettsiales	83	324	211	131	181	10	2	0	0	56.98	4.2	Bacteria	Dependentiae	Babeliae	Babeliales	Vermiphilaceae			-	-	-	-	-	-	-	-	-	taxonomic novelty determined using RED	-	-	64.52	0.8113623354	-
B2	bin.140	c__Gammaproteobacteria	67	481	276	138	313	30	0	0	0	71.21	7.51	Bacteria	Proteobacteria	Gammaproteobacteria	Steroidobacterales	Steroidobacteraceae	13-2-20CM-66-19		-	-	-	-	-	-	-	-	-	ANI	-	GCA_005878835.1, s__13-2-20CM-66-19 sp...	61.68	0.9412669638	-
B2	bin.141	c__Alphaproteobacteria	564	349	230	21	326	2	0	0	0	91.52	0.87	Bacteria	Proteobacteria	Alphaproteobacteria	Micavibrionales_A	UBA9219	JABDFY01		-	-	-	-	-	GCA_903875345.1	d__Bacteria;p__Proteobacteria;c__Alphaproteobacteria;o__Micavibrionales_A;f__UBA9219;g__JABDFY01;s__JABDFY01 sp903875345	76.97	0.24	taxonomic classification defined by topology and ANI	-	-	91.54	0.8916474101	-
B2	bin.142	k__Bacteria	901	171	117	41	129	1	0	0	0	68.49	0.85	Bacteria	Patescibacteria	Paceibacteria	UBA9983_A	UBA2163	UBA10103		-	-	-	-	-	-	-	-	-	taxonomic classification fully defined by topology	-	-	68.81	0.9098010894	-
B2	bin.143	k__Bacteria	88	227	146	45	178	4	0	0	0	85.17	1.54	Bacteria	Verrucomicrobiota	Verrucomicrobiae	Opitutales	Opitutaceae			-	-	-	-	-	-	-	-	-	taxonomic classification fully defined by topology	-	-	64.11	0.917214577	-
B2	bin.145	k__Bacteria	5449	104	58	22	82	0	0	0	0	69.64	0	Bacteria	Patescibacteria	Paceibacteria	UBA9983_A	UBA2163	C7867-001		-	-	-	-	-	-	-	-	-	taxonomic classification fully defined by topology	-	-	59.26	0.906350063	-
B2	bin.148	k__Bacteria	5449	104	58	53	50	1	0	0	0	77.07	1.72	Bacteria	Proteobacteria	Gammaproteobacteria	Xanthomonadales	Rhodanobacteraceae	Dyella		-	-	-	-	-	GCF_003977615.1	d__Bacteria;p__Proteobacteria;c__Gammaproteobacteria;o__Xanthomonadales;f__Rhodanobacteraceae;g__Dyella;s__Dyella sp003977615	87.84	0.84	taxonomic classification defined by topology and ANI	-	GCA_903970555.1, s__Dyella sp903970555...	65.06	0.9966229341	Genome not assigned to closest species as it falls outside its pre-defined ANI radius
B2	bin.151	k__Bacteria	2258	188	117	72	109	7	0	0	0	56.34	3.42	Bacteria	Acidobacteriota	Acidobacteriae	UBA7541	UBA7541	Palsa-295		-	-	-	-	-	-	-	-	-	taxonomic classification defined by topology and ANI	-	GCA_013289695.1, s__Palsa-295 sp013289...	51.1	0.9742555283	Genome not assigned to closest species as it falls outside its pre-defined ANI radius
A1	bin.001	k__Bacteria	88	230	148	73	143	13	1	0	0	78.46	9.01	Bacteria	Verrucomicrobiota	Verrucomicrobiae	Pedosphaerales	UBA11358	UBA11358		-	-	-	-	-	-	-	-	-	ANI	-	GCA_003455565.1, s__UBA11358 sp0034555...	49.41	0.9489880067	-
A1	bin.006	k__Bacteria	5449	104	58	61	43	0	0	0	0	59.64	0	Bacteria	Proteobacteria	Gammaproteobacteria	Burkholderiales	Burkholderiaceae	PKWO01		-	-	-	-	-	-	-	-	-	taxonomic novelty determined using RED	-	-	44.23	0.9516674621	-
A1	bin.009	k__Bacteria	5449	104	58	63	40	1	0	0	0	59.77	1.72	Bacteria	Acidobacteriota	Acidobacteriae	Acidobacteriales	Acidobacteriaceae	Granulicella_A		-	-	-	-	-	-	-	-	-	taxonomic classification defined by topology and ANI	-	GCF_000178955.2, s__Granulicella_A mal...	46.73	0.9918755007	Genome not assigned to closest species as it falls outside its pre-defined ANI radius
A1	bin.011	c__Deltaproteobacteria	83	247	155	31	202	13	0	1	0	87.04	5.73	Bacteria	Myxococcota	Polyangia	Polyangiales	Polyangiaceae			-	-	-	-	-	-	-	-	-	taxonomic classification fully defined by topology	-	-	84.85	0.803787579	-
A1	bin.019	o__Rhodospirillales	63	336	201	83	249	4	0	0	0	85.5	1.14	Bacteria	Proteobacteria	Alphaproteobacteria	Acetobacterales	Acetobacteraceae	CAJCIS01		-	-	-	-	-	GCA_903970435.1	d__Bacteria;p__Proteobacteria;c__Alphaproteobacteria;o__Acetobacterales;f__Acetobacteraceae;g__CAJCIS01;s__CAJCIS01 sp903970435	77.47	0.33	taxonomic classification defined by topology and ANI	-	-	71.47	0.9204732983	-
A1	bin.021	o__Rhizobiales	92	481	319	208	259	14	0	0	0	58.87	2.68	Bacteria	Proteobacteria	Alphaproteobacteria	Rhizobiales	Beijerinckiaceae	Roseiarcus		-	-	-	-	-	GCF_009765995.1	d__Bacteria;p__Proteobacteria;c__Alphaproteobacteria;o__Rhizobiales;f__Beijerinckiaceae;g__Roseiarcus;s__Roseiarcus sp009765995	81.28	0.57	taxonomic classification defined by topology and ANI	-	GCA_004799435.1, s__Roseiarcus sp00479...	46.58	0.9711923639	-
A1	bin.026	c__Gammaproteobacteria	1097	270	172	44	222	4	0	0	0	93.74	0.87	Bacteria	Proteobacteria	Gammaproteobacteria	DSM-16500	DSM-16500			-	-	-	-	-	-	-	-	-	taxonomic classification fully defined by topology	-	-	81.52	0.8312273909	-
A1	bin.032	k__Bacteria	5449	104	58	32	71	1	0	0	0	72.23	1.72	Bacteria	Patescibacteria	Paceibacteria	UBA9983_A	PALSA-1337	PALSA-1337		-	-	-	-	-	GCA_003151615.1	d__Bacteria;p__Patescibacteria;c__Paceibacteria;o__UBA9983_A;f__PALSA-1337;g__PALSA-1337;s__PALSA-1337 sp003151615	80.27	0.56	taxonomic classification defined by topology and ANI	-	-	51.52	0.9536167472	-
A1	bin.034	k__Bacteria	2258	187	116	35	144	8	0	0	0	84.22	6.11	Bacteria	Acidobacteriota	Acidobacteriae	Acidobacteriales	Acidobacteriaceae	Terracidiphilus		-	-	-	-	-	GCA_003140785.1	d__Bacteria;p__Acidobacteriota;c__Acidobacteriae;o__Acidobacteriales;f__Acidobacteriaceae;g__Terracidiphilus;s__Terracidiphilus sp003140785	77.99	0.33	taxonomic classification defined by topology and ANI	-	GCA_002314435.1, s__Terracidiphilus sp...	74.39	0.95417568	-
A1	bin.036	k__Bacteria	5449	104	58	70	33	1	0	0	0	53.45	1.72	Bacteria	Proteobacteria	Gammaproteobacteria	Burkholderiales	Burkholderiaceae	Herminiimonas		-	-	-	-	-	-	-	-	-	taxonomic classification defined by topology and ANI	-	GCF_000026125.1, s__Herminiimonas arse...	46.2	0.978308681	Genome not assigned to closest species as it falls outside its pre-defined ANI radius
A1	bin.040	c__Deltaproteobacteria	83	247	155	27	210	8	2	0	0	90.5	6.64	Bacteria	Myxococcota	Polyangia	Polyangiales	Polyangiaceae	Palsa-1150		-	-	-	-	-	GCA_003139415.1	d__Bacteria;p__Myxococcota;c__Polyangia;o__Polyangiales;f__Polyangiaceae;g__Palsa-1150;s__Palsa-1150 sp003139415	78.53	0.43	taxonomic classification defined by topology and ANI	-	GCA_003153495.1, s__Palsa-1150 sp00315...	80.54	0.9313915133	-
A1	bin.043	k__Bacteria	5449	104	58	56	48	0	0	0	0	69.75	0	Bacteria	Acidobacteriota	Acidobacteriae	Acidobacteriales	Acidobacteriaceae	Granulicella_A		-	-	-	-	-	-	-	-	-	taxonomic novelty determined using RED	-	-	59.02	0.9398682204	-
A1	bin.045	k__Bacteria	2258	187	116	100	86	1	0	0	0	53.43	0.05	Bacteria	Acidobacteriota	Acidobacteriae	Acidobacteriales	Acidobacteriaceae	Granulicella_A		-	-	-	-	-	GCF_009766105.1	d__Bacteria;p__Acidobacteriota;c__Acidobacteriae;o__Acidobacteriales;f__Acidobacteriaceae;g__Granulicella_A;s__Granulicella_A sp009766105	91.8	0.82	taxonomic classification defined by topology and ANI	-	GCF_000178955.2, s__Granulicella_A mal...	52.89	0.9901440311	Genome not assigned to closest species as it falls outside its pre-defined ANI radius
A1	bin.046	k__Bacteria	5449	104	58	67	37	0	0	0	0	50.17	0	Bacteria	Proteobacteria	Alphaproteobacteria	Azospirillales_A	BOG-932	BOG-932		-	-	-	-	-	GCA_003165335.1	d__Bacteria;p__Proteobacteria;c__Alphaproteobacteria;o__Azospirillales_A;f__BOG-932;g__BOG-932;s__BOG-932 sp003165335	78.65	0.36	taxonomic classification defined by topology and ANI	-	GCA_903970575.1, s__BOG-932 sp90397057...	42.72	0.9557032342	-
A1	bin.056	k__Bacteria	88	230	148	50	174	5	1	0	0	82.5	4.73	Bacteria	Verrucomicrobiota	Verrucomicrobiae	Pedosphaerales	UBA11358	UBA11358		-	-	-	-	-	-	-	-	-	ANI	-	GCA_903895255.1, s__UBA11358 sp9038952...	63.59	0.9443820445	-
A1	bin.058	k__Bacteria	88	230	148	31	194	5	0	0	0	89.56	3.04	Bacteria	Verrucomicrobiota	Verrucomicrobiae	Pedosphaerales	UBA11358	UBA11358		-	-	-	-	-	-	-	-	-	ANI	-	GCA_903833055.1, s__UBA11358 sp9038330...	72.21	0.9302734611	-
A1	bin.062	o__Rhodospirillales	63	336	201	73	234	28	1	0	0	85.42	9.25	Bacteria	Proteobacteria	Alphaproteobacteria	Acetobacterales	Acetobacteraceae	Rhodopila		-	-	-	-	-	GCF_009765975.1	d__Bacteria;p__Proteobacteria;c__Alphaproteobacteria;o__Acetobacterales;f__Acetobacteraceae;g__Rhodopila;s__Rhodopila sp009765975	86.03	0.73	taxonomic classification defined by topology and ANI	-	GCA_003506895.1, s__Rhodopila sp003506...	64.17	0.9812743621	Genome not assigned to closest species as it falls outside its pre-defined ANI radius
A1	bin.064	p__Bacteroidetes	350	316	210	33	269	14	0	0	0	92.52	4.79	Bacteria	Bacteroidota	Bacteroidia	AKYH767	Palsa-948	JABEUT01		-	-	-	-	-	GCA_013288205.1	d__Bacteria;p__Bacteroidota;c__Bacteroidia;o__AKYH767;f__Palsa-948;g__JABEUT01;s__JABEUT01 sp013288205	79.72	0.48	taxonomic classification defined by topology and ANI	-	GCA_903916255.1, s__JABEUT01 sp9039162...	80.52	0.9590519808	-
A1	bin.066	o__Rhodospirillales	63	336	201	47	289	0	0	0	0	94.66	0	Bacteria	Proteobacteria	Alphaproteobacteria	Acetobacterales	Acetobacteraceae	Acidocella		-	-	-	-	-	-	-	-	-	ANI	-	GCF_014201825.1, s__Acidocella aromati...	78.92	0.9516249806	-
A1	bin.067	p__Bacteroidetes	350	316	210	110	197	9	0	0	0	72.2	2.94	Bacteria	Bacteroidota	Bacteroidia	AKYH767	Palsa-948	JABEUT01		-	-	-	-	-	GCA_013288205.1	d__Bacteria;p__Bacteroidota;c__Bacteroidia;o__AKYH767;f__Palsa-948;g__JABEUT01;s__JABEUT01 sp013288205	83.14	0.5	taxonomic classification defined by topology and ANI	-	GCA_903916255.1, s__JABEUT01 sp9039162...	51.68	0.9771916224	-
A1	bin.072	k__Bacteria	5449	104	58	68	36	0	0	0	0	51.72	0	Bacteria	Proteobacteria	Gammaproteobacteria	DSM-16500	DSM-16500	VFKI01		-	-	-	-	-	-	-	-	-	taxonomic novelty determined using RED	-	-	46.28	0.857724567	-
A3	bin.003	k__Bacteria	924	151	101	56	94	1	0	0	0	58.02	0.11	Bacteria	Patescibacteria	Doudnabacteria	UBA920	O2-02-FULL-48-8	2-01-FULL-45-18		-	-	-	-	-	-	-	-	-	taxonomic novelty determined using RED	-	-	51.76	0.8735670615	-
A3	bin.004	k__Bacteria	88	230	148	30	196	4	0	0	0	86.08	1.27	Bacteria	Chlamydiota	Chlamydiia	Chlamydiales	Rhabdochlamydiaceae	PALSA-1444		-	-	-	-	-	-	-	-	-	taxonomic novelty determined using RED	-	-	71.99	0.9108763446	-
A3	bin.005	k__Bacteria	924	160	109	51	108	1	0	0	0	70.81	0.1	Bacteria	Patescibacteria	Doudnabacteria	UBA920	UBA920	PALSA-1336		-	-	-	-	-	-	-	-	-	taxonomic classification fully defined by topology	-	-	67.56	0.9145620222	-
A3	bin.008	k__Bacteria	924	151	101	38	113	0	0	0	0	68.37	0	Bacteria	Patescibacteria	Microgenomatia	Levybacterales	UBA12049	PJMG01		-	-	-	-	-	-	-	-	-	taxonomic novelty determined using RED	-	-	59.86	0.8743537188	-
A3	bin.009	k__Bacteria	2258	187	116	37	143	7	0	0	0	77.59	4.42	Bacteria	Methylomirabilota	Methylomirabilia	Rokubacteriales	GWA2-73-35	AR37		-	-	-	-	-	GCA_003220345.1	d__Bacteria;p__Methylomirabilota;c__Methylomirabilia;o__Rokubacteriales;f__GWA2-73-35;g__AR37;s__AR37 sp003220345	78.92	0.43	taxonomic classification defined by topology and ANI	-	-	74.57	0.8746335508	-
A3	bin.012	k__Bacteria	2258	188	117	83	105	0	0	0	0	52.7	0	Bacteria	Acidobacteriota	Acidobacteriae	UBA7541	UBA7541			-	-	-	-	-	-	-	-	-	taxonomic novelty determined using RED	-	-	53.44	0.8755625385	-
A3	bin.018	c__Deltaproteobacteria	83	247	155	78	159	10	0	0	0	67.39	2.2	Bacteria	Myxococcota	Polyangia	Palsa-1104	Fen-1088			-	-	-	-	-	-	-	-	-	taxonomic novelty determined using RED	-	-	55.71	0.8104146741	-
A3	bin.019	k__Bacteria	924	151	101	28	122	1	0	0	0	74.26	0.99	Bacteria	Patescibacteria	Microgenomatia	Levybacterales	UBA12049	PPGL01		-	-	-	-	-	-	-	-	-	taxonomic novelty determined using RED	-	-	67.04	0.898235396	-
A3	bin.028	c__Gammaproteobacteria	1164	275	174	53	220	2	0	0	0	78.29	0.61	Bacteria	Proteobacteria	Gammaproteobacteria	UBA6186	UBA6186			-	-	-	-	-	-	-	-	-	taxonomic novelty determined using RED	-	-	79.59	0.8407739175	-
A3	bin.029	o__Rhizobiales	107	485	316	185	290	10	0	0	0	61.52	1.41	Bacteria	Proteobacteria	Alphaproteobacteria	Rhizobiales	Xanthobacteraceae	AP-16		-	-	-	-	-	GCA_005884745.1	d__Bacteria;p__Proteobacteria;c__Alphaproteobacteria;o__Rhizobiales;f__Xanthobacteraceae;g__AP-16;s__AP-16 sp005884745	78.46	0.28	taxonomic classification defined by topology and ANI	-	-	52.49	0.9431688947	-
A3	bin.034	k__Bacteria	5449	104	58	57	45	2	0	0	0	63.06	3.45	Bacteria	Proteobacteria	Gammaproteobacteria	Nevskiales	Nevskiaceae	Nevskia		-	-	-	-	-	-	-	-	-	ANI	-	GCF_000711955.1, s__Nevskia soli, 95.0...	54.77	0.9277485295	-
A3	bin.037	k__Bacteria	2921	143	88	35	99	7	2	0	0	74.83	7.52	Bacteria	Planctomycetota	Planctomycetes	Gemmatales	Gemmataceae			-	-	-	-	-	-	-	-	-	taxonomic classification fully defined by topology	-	-	59.16	0.7559518936	Genome has more than 11.7% of markers with multiple hits
A3	bin.038	k__Bacteria	88	230	148	61	158	11	0	0	0	66.81	3.91	Bacteria	Verrucomicrobiota	Verrucomicrobiae	Chthoniobacterales				-	-	-	-	-	-	-	-	-	taxonomic novelty determined using RED	-	-	53.64	0.6927347562	-
A3	bin.046	c__Gammaproteobacteria	67	481	276	42	396	42	1	0	0	93.61	9.84	Bacteria	Proteobacteria	Gammaproteobacteria	Steroidobacterales	Steroidobacteraceae	13-2-20CM-66-19		-	-	-	-	-	-	-	-	-	taxonomic classification defined by topology and ANI	-	GCA_003136935.1, s__13-2-20CM-66-19 sp...	79.55	0.9727107885	Genome not assigned to closest species as it falls outside its pre-defined ANI radius
A3	bin.047	k__Archaea	207	145	103	35	109	1	0	0	0	76.38	0.97	Archaea	Thermoproteota	Nitrososphaeria	Nitrososphaerales	Nitrosopumilaceae	TA-20	TA-20 sp013287585	GCA_013287585.1	95	d__Archaea;p__Thermoproteota;c__Nitrososphaeria;o__Nitrososphaerales;f__Nitrosopumilaceae;g__TA-20;s__TA-20 sp013287585	97.6	0.76	GCA_013287585.1	d__Archaea;p__Thermoproteota;c__Nitrososphaeria;o__Nitrososphaerales;f__Nitrosopumilaceae;g__TA-20;s__TA-20 sp013287585	97.6	0.76	taxonomic classification defined by topology and ANI	topological placement and ANI have congruent species assignments	GCA_007280335.1, s__TA-20 sp007280335,...	62.9	-	-
A3	bin.049	k__Bacteria	924	161	108	11	150	0	0	0	0	95.12	0	Bacteria	Eremiobacterota	Eremiobacteria	Baltobacterales	Baltobacteraceae			-	-	-	-	-	-	-	-	-	taxonomic classification fully defined by topology	-	-	85.92	0.821097758	-
A3	bin.050	k__Bacteria	2258	188	117	56	131	1	0	0	0	81.06	0.43	Bacteria	Acidobacteriota	Acidobacteriae	Acidobacteriales	Gp1-AA112	DSPA01		-	-	-	-	-	GCA_011046795.1	d__Bacteria;p__Acidobacteriota;c__Acidobacteriae;o__Acidobacteriales;f__Gp1-AA112;g__DSPA01;s__DSPA01 sp011046795	77.52	0.22	taxonomic classification defined by topology and ANI	-	-	63.53	0.8718381989	-
A3	bin.052	k__Bacteria	88	230	148	8	221	1	0	0	0	94.93	0.68	Bacteria	Verrucomicrobiota	Verrucomicrobiae	Chthoniobacterales	UBA10450	Udaeobacter		-	-	-	-	-	-	-	-	-	taxonomic classification defined by topology and ANI	-	GCA_003219415.1, s__Udaeobacter sp0032...	83.18	0.9803665889	Genome not assigned to closest species as it falls outside its pre-defined ANI radius
A3	bin.054	o__Burkholderiales	108	570	250	138	425	7	0	0	0	83.37	1.36	Bacteria	Proteobacteria	Gammaproteobacteria	Burkholderiales	Burkholderiaceae	Pandoraea		-	-	-	-	-	-	-	-	-	taxonomic classification defined by topology and ANI	-	GCF_902459565.1, s__Pandoraea aquatica...	63.15	0.9881532203	Genome not assigned to closest species as it falls outside its pre-defined ANI radius
A3	bin.058	k__Bacteria	924	161	108	12	145	4	0	0	0	95.5	3.24	Bacteria	Dormibacterota	Dormibacteria	CF-121				-	-	-	-	-	-	-	-	-	taxonomic novelty determined using RED	-	-	87.85	0.5765577338	-
A3	bin.059	p__Euryarchaeota	148	188	125	50	134	4	0	0	0	78.81	2.4	Archaea	Thermoplasmatota	SW-10-69-26					-	-	-	-	-	-	-	-	-	taxonomic novelty determined using RED	-	-	66.71	0.3743157143	-
A3	bin.061	k__Bacteria	5449	104	58	18	86	0	0	0	0	71.84	0	Bacteria	Patescibacteria	Paceibacteria	UBA9983_A	UBA2163	C7867-001		-	-	-	-	-	-	-	-	-	taxonomic classification fully defined by topology	-	-	58.19	0.9009070132	-
A3	bin.063	k__Bacteria	2258	188	117	63	115	10	0	0	0	69.59	5.11	Bacteria	Acidobacteriota	Thermoanaerobaculia	UBA5704	UBA5704			-	-	-	-	-	GCA_002420005.1	d__Bacteria;p__Acidobacteriota;c__Thermoanaerobaculia;o__UBA5704;f__UBA5704;g__UBA5704;s__UBA5704 sp002420005	77.1	0.32	taxonomic classification defined by topology and ANI	-	-	62.62	0.8365818778	-
A3	bin.066	k__Bacteria	924	161	108	54	100	7	0	0	0	66.33	4.63	Bacteria	Patescibacteria	Saccharimonadia	UBA4664	UBA4664			-	-	-	-	-	-	-	-	-	taxonomic novelty determined using RED	-	-	59.78	0.7247501666	-
A3	bin.069	k__Bacteria	2993	143	89	52	90	1	0	0	0	61.53	1.12	Bacteria	Elusimicrobiota	Elusimicrobia	2-01-FULL-59-12	2-01-FULL-59-12			-	-	-	-	-	-	-	-	-	taxonomic novelty determined using RED	-	-	55.73	0.8102690349	-
A3	bin.072	k__Bacteria	2258	188	117	14	169	4	1	0	0	89.74	5.13	Bacteria	Acidobacteriota	Blastocatellia	UBA7656	UBA7656			-	-	-	-	-	-	-	-	-	taxonomic novelty determined using RED	-	-	85.47	0.845022335	-
A3	bin.074	k__Bacteria	924	151	101	51	100	0	0	0	0	59.57	0	Bacteria	Patescibacteria	Doudnabacteria	UBA920	UBA920			-	-	-	-	-	-	-	-	-	taxonomic novelty determined using RED	-	-	57.81	0.8142142667	-
A3	bin.078	k__Bacteria	924	161	108	68	93	0	0	0	0	59.71	0	Bacteria	Eremiobacterota	Eremiobacteria	Baltobacterales	Baltobacteraceae			-	-	-	-	-	-	-	-	-	taxonomic classification fully defined by topology	-	-	48.54	0.8301026373	-
A3	bin.081	k__Bacteria	924	151	101	42	109	0	0	0	0	63.53	0	Bacteria	Patescibacteria	Microgenomatia	GWA2-44-7	UBA8517			-	-	-	-	-	-	-	-	-	taxonomic novelty determined using RED	-	-	62.06	0.7752498028	-
A3	bin.082	k__Bacteria	2993	147	91	59	83	5	0	0	0	75.25	4.4	Bacteria	Gemmatimonadota	Gemmatimonadetes	Gemmatimonadales	Gemmatimonadaceae	Fen-1231		-	-	-	-	-	GCA_903910555.1	d__Bacteria;p__Gemmatimonadota;c__Gemmatimonadetes;o__Gemmatimonadales;f__Gemmatimonadaceae;g__Fen-1231;s__Fen-1231 sp903910555	80.69	0.56	taxonomic classification defined by topology and ANI	-	GCA_003171215.1, s__Fen-1231 sp0031712...	57.34	0.975916501	-
A3	bin.083	o__Rickettsiales	83	324	211	114	202	8	0	0	0	58.45	2.76	Bacteria	Dependentiae	Babeliae	Babeliales	UBA12411			-	-	-	-	-	-	-	-	-	taxonomic novelty determined using RED	-	-	73.99	0.7694985387	-
A3	bin.086	k__Bacteria	2258	181	110	29	150	2	0	0	0	78.18	1.82	Bacteria	Nitrospirota	Nitrospiria	Nitrospirales	Nitrospiraceae	Palsa-1315	Palsa-1315 sp005887945	GCA_005887945.1	95	d__Bacteria;p__Nitrospirota;c__Nitrospiria;o__Nitrospirales;f__Nitrospiraceae;g__Palsa-1315;s__Palsa-1315 sp005887945	95.21	0.71	GCA_005887945.1	d__Bacteria;p__Nitrospirota;c__Nitrospiria;o__Nitrospirales;f__Nitrospiraceae;g__Palsa-1315;s__Palsa-1315 sp005887945	95.21	0.71	taxonomic classification defined by topology and ANI	topological placement and ANI have congruent species assignments	GCA_005877535.1, s__Palsa-1315 sp00587...	78.44	-	-
A3	bin.087	k__Bacteria	2993	147	91	38	106	3	0	0	0	70.76	2.38	Bacteria	Gemmatimonadota	Gemmatimonadetes	Gemmatimonadales	GWC2-71-9	SHZT01		-	-	-	-	-	-	-	-	-	taxonomic novelty determined using RED	-	-	63.15	0.8651071082	-
A3	bin.090	k__Bacteria	88	230	148	39	189	2	0	0	0	86.15	1.35	Bacteria	Verrucomicrobiota	Verrucomicrobiae	Opitutales	Opitutaceae	Lacunisphaera	Lacunisphaera sp900104925	GCF_900104925.1	95	d__Bacteria;p__Verrucomicrobiota;c__Verrucomicrobiae;o__Opitutales;f__Opitutaceae;g__Lacunisphaera;s__Lacunisphaera sp900104925	99.39	0.94	GCF_900104925.1	d__Bacteria;p__Verrucomicrobiota;c__Verrucomicrobiae;o__Opitutales;f__Opitutaceae;g__Lacunisphaera;s__Lacunisphaera sp900104925	99.39	0.94	taxonomic classification defined by topology and ANI	topological placement and ANI have congruent species assignments	GCA_001464505.1, s__Lacunisphaera sp00...	68.49	-	-
A3	bin.091	o__Rhizobiales	107	485	316	188	287	10	0	0	0	63.19	1.98	Bacteria	Proteobacteria	Alphaproteobacteria	Rhizobiales	UBA4765	UBA4765		-	-	-	-	-	-	-	-	-	taxonomic novelty determined using RED	-	-	53.03	0.8746021586	-
A3	bin.094	p__Bacteroidetes	350	316	210	34	279	3	0	0	0	91.3	0.81	Bacteria	Bacteroidota	Bacteroidia	Sphingobacteriales	Sphingobacteriaceae	Mucilaginibacter		-	-	-	-	-	-	-	-	-	ANI	-	GCA_013288235.1, s__Mucilaginibacter s...	85.43	0.9642789302	-
A3	bin.095	p__Bacteroidetes	350	316	210	22	290	4	0	0	0	91.7	1.22	Bacteria	Bacteroidota	Bacteroidia	AKYH767	Palsa-965	Palsa-965		-	-	-	-	-	-	-	-	-	taxonomic classification fully defined by topology	-	-	88.7	0.9106506331	-
